Gene name	Gene stable ID	Channel bull blenny gene stable ID	Channel bull blenny gene name
pcsk9	ENSDARG00000074185	ENSCGOG00000000106	pcsk9
vdrb	ENSDARG00000070721	ENSCGOG00000000153	vdrb
dpt	ENSDARG00000056178	ENSCGOG00000000217	dpt
slc48a1b	ENSDARG00000026109	ENSCGOG00000000243	slc48a1b
tacr3a	ENSDARG00000075112	ENSCGOG00000000342	tacr3
ifit14	ENSDARG00000071012	ENSCGOG00000000350	
ifit16	ENSDARG00000056976	ENSCGOG00000000350	
ifit14	ENSDARG00000071012	ENSCGOG00000000352	
ifit16	ENSDARG00000056976	ENSCGOG00000000352	
ifit14	ENSDARG00000071012	ENSCGOG00000000355	
ifit16	ENSDARG00000056976	ENSCGOG00000000355	
ifit14	ENSDARG00000071012	ENSCGOG00000000364	
ifit16	ENSDARG00000056976	ENSCGOG00000000364	
pacsin3	ENSDARG00000099339	ENSCGOG00000000368	pacsin3
ifit14	ENSDARG00000071012	ENSCGOG00000000369	
ifit16	ENSDARG00000056976	ENSCGOG00000000369	
ifit14	ENSDARG00000071012	ENSCGOG00000000376	
ifit16	ENSDARG00000056976	ENSCGOG00000000376	
runx1	ENSDARG00000087646	ENSCGOG00000000380	runx1
ifit14	ENSDARG00000071012	ENSCGOG00000000381	
ifit16	ENSDARG00000056976	ENSCGOG00000000381	
ifit14	ENSDARG00000071012	ENSCGOG00000000385	
ifit16	ENSDARG00000056976	ENSCGOG00000000385	
ifit14	ENSDARG00000071012	ENSCGOG00000000386	
ifit16	ENSDARG00000056976	ENSCGOG00000000386	
ptger2a	ENSDARG00000011434	ENSCGOG00000000388	ptger2a
ifit14	ENSDARG00000071012	ENSCGOG00000000390	
ifit16	ENSDARG00000056976	ENSCGOG00000000390	
ifit14	ENSDARG00000071012	ENSCGOG00000000391	
ifit16	ENSDARG00000056976	ENSCGOG00000000391	
wt1a	ENSDARG00000031420	ENSCGOG00000000428	wt1a
crp2	ENSDARG00000056462	ENSCGOG00000000565	crp5
crp3	ENSDARG00000042613	ENSCGOG00000000565	crp5
crp5	ENSDARG00000056498	ENSCGOG00000000565	crp5
crp6	ENSDARG00000071457	ENSCGOG00000000565	crp5
crp7	ENSDARG00000071456	ENSCGOG00000000565	crp5
tp53bp2b	ENSDARG00000054858	ENSCGOG00000000577	tp53bp2b
bdnf	ENSDARG00000018817	ENSCGOG00000000595	bdnf
slc2a6	ENSDARG00000058731	ENSCGOG00000000603	slc2a6
ngfb	ENSDARG00000014050	ENSCGOG00000000652	ngfb
pacsin1a	ENSDARG00000032865	ENSCGOG00000000682	pacsin1a
gfer	ENSDARG00000070061	ENSCGOG00000000683	gfer
adamts9	ENSDARG00000077778	ENSCGOG00000000708	adamts9
fgf20a	ENSDARG00000007356	ENSCGOG00000000735	fgf20a
tp73	ENSDARG00000017953	ENSCGOG00000000862	tp73
c1qa	ENSDARG00000044613	ENSCGOG00000000866	
c1qc	ENSDARG00000095627	ENSCGOG00000000868	
slc2a9l1	ENSDARG00000070672	ENSCGOG00000000879	slc2a9l1
soat1	ENSDARG00000062297	ENSCGOG00000000881	soat1
isca1	ENSDARG00000051956	ENSCGOG00000000893	isca1
kiss1rb	ENSDARG00000067563	ENSCGOG00000000894	kiss1rb
adra2a	ENSDARG00000040841	ENSCGOG00000000928	adra2a
comtb	ENSDARG00000025679	ENSCGOG00000000932	comt
mxa	ENSDARG00000021688	ENSCGOG00000000943	mxa
mxb	ENSDARG00000004953	ENSCGOG00000000943	mxa
aldh1a3	ENSDARG00000076933	ENSCGOG00000000996	aldh1a3
pkd2	ENSDARG00000014098	ENSCGOG00000001077	pkd2
igfals	ENSDARG00000037836	ENSCGOG00000001138	igfals
mir214a	ENSDARG00000083042	ENSCGOG00000001146	mir214a
atp2b4	ENSDARG00000044902	ENSCGOG00000001150	atp2b4
rp2	ENSDARG00000044339	ENSCGOG00000001157	rp2
gstt1b	ENSDARG00000017388	ENSCGOG00000001216	gstt1b
spi1b	ENSDARG00000000767	ENSCGOG00000001234	spi1
rbp7b	ENSDARG00000070486	ENSCGOG00000001237	rbp7b
ifit14	ENSDARG00000071012	ENSCGOG00000001245	
ifit16	ENSDARG00000056976	ENSCGOG00000001245	
st3gal5	ENSDARG00000037556	ENSCGOG00000001267	st3gal5
aqp10b	ENSDARG00000058678	ENSCGOG00000001281	aqp10b
znf687b	ENSDARG00000019299	ENSCGOG00000001305	znf687b
gsdmea	ENSDARG00000086762	ENSCGOG00000001326	
pacsin1b	ENSDARG00000042128	ENSCGOG00000001328	pacsin1b
rack1	ENSDARG00000041619	ENSCGOG00000001342	rack1
acsl1b	ENSDARG00000003854	ENSCGOG00000001373	acsl1b
ucp1	ENSDARG00000023151	ENSCGOG00000001414	ucp1
gata1a	ENSDARG00000013477	ENSCGOG00000001418	gata1a
fgf18a	ENSDARG00000088048	ENSCGOG00000001422	fgf18a
irx1b	ENSDARG00000056594	ENSCGOG00000001459	irx1b
s1pr3a	ENSDARG00000042470	ENSCGOG00000001491	s1pr3a
map1lc3b	ENSDARG00000101127	ENSCGOG00000001498	map1lc3b
nomo	ENSDARG00000078592	ENSCGOG00000001515	nomo
ptgs2b	ENSDARG00000010276	ENSCGOG00000001550	ptgs2
galr2a	ENSDARG00000020853	ENSCGOG00000001563	galr2a
cyp51	ENSDARG00000042641	ENSCGOG00000001577	cyp51
eif3ha	ENSDARG00000102452	ENSCGOG00000001619	eif3h
eif3hb	ENSDARG00000036116	ENSCGOG00000001619	eif3h
gapdh	ENSDARG00000043457	ENSCGOG00000001626	gapdh
cd83	ENSDARG00000079553	ENSCGOG00000001650	cd83
aqp1a.1	ENSDARG00000023713	ENSCGOG00000001718	aqp1
caiap	ENSDARG00000092758	ENSCGOG00000001757	
akt2	ENSDARG00000011219	ENSCGOG00000001781	akt2
hif1al	ENSDARG00000100826	ENSCGOG00000001822	hif1al
ptpn6	ENSDARG00000089043	ENSCGOG00000001844	ptpn6
pycard	ENSDARG00000040076	ENSCGOG00000001860	pycard
hsd17b12b	ENSDARG00000035872	ENSCGOG00000001890	hsd17b12b
il2rb	ENSDARG00000075720	ENSCGOG00000001900	il2rb
kcnh2a	ENSDARG00000029881	ENSCGOG00000001916	KCNH2
CARD11	ENSDARG00000052741	ENSCGOG00000001917	card11
pth1r	ENSDARG00000020957	ENSCGOG00000001928	pth1r
sat1a.2	ENSDARG00000095908	ENSCGOG00000001948	sat1a.2
lhb	ENSDARG00000099363	ENSCGOG00000002004	lhb
gnav1	ENSDARG00000043006	ENSCGOG00000002014	gnav1
il12bb	ENSDARG00000054542	ENSCGOG00000002018	IL12B
prmt5	ENSDARG00000079605	ENSCGOG00000002081	prmt5
manf	ENSDARG00000063177	ENSCGOG00000002103	manf
traf6	ENSDARG00000028058	ENSCGOG00000002157	traf6
elovl4a	ENSDARG00000006773	ENSCGOG00000002187	elovl4a
adgre5b.2	ENSDARG00000104083	ENSCGOG00000002196	adgre5b.2
nr1h3	ENSDARG00000098439	ENSCGOG00000002270	nr1h3
tectb	ENSDARG00000045268	ENSCGOG00000002372	tectb
s100a1	ENSDARG00000015543	ENSCGOG00000002415	s100a1
angptl1a	ENSDARG00000012071	ENSCGOG00000002425	angptl1
cyp11c1	ENSDARG00000042014	ENSCGOG00000002436	cyp11c1
mbtps1	ENSDARG00000014634	ENSCGOG00000002441	mbtps1
baxa	ENSDARG00000020623	ENSCGOG00000002469	bax
trim69	ENSDARG00000060688	ENSCGOG00000002477	trim69
amer2	ENSDARG00000075222	ENSCGOG00000002594	amer2
tmem39b	ENSDARG00000018956	ENSCGOG00000002601	tmem39b
unc93b1	ENSDARG00000069114	ENSCGOG00000002646	unc93b1
cerkl	ENSDARG00000079397	ENSCGOG00000002725	cerkl
cldn10b	ENSDARG00000104528	ENSCGOG00000002739	cldn10b
ADAMTS7	ENSDARG00000102478	ENSCGOG00000002764	ADAMTS7
anpepb.1	ENSDARG00000103878	ENSCGOG00000002919	anpepb.1
ankef1a	ENSDARG00000019135	ENSCGOG00000002928	ankef1
slc22a3	ENSDARG00000058775	ENSCGOG00000003015	slc22a3
mcl1b	ENSDARG00000008363	ENSCGOG00000003044	mcl1b
dnaaf4	ENSDARG00000099161	ENSCGOG00000003067	dnaaf4
asxl1	ENSDARG00000036956	ENSCGOG00000003168	
wt1b	ENSDARG00000007990	ENSCGOG00000003193	wt1b
e2f5	ENSDARG00000038812	ENSCGOG00000003369	e2f5
ucp3	ENSDARG00000091209	ENSCGOG00000003387	ucp3
ucp2	ENSDARG00000043154	ENSCGOG00000003390	ucp2
mrc1b	ENSDARG00000038822	ENSCGOG00000003400	mrc1b
socs1b	ENSDARG00000089873	ENSCGOG00000003538	socs1b
glulb	ENSDARG00000100003	ENSCGOG00000003558	glulb
cry2	ENSDARG00000102403	ENSCGOG00000003563	cry2
cd4-1	ENSDARG00000070668	ENSCGOG00000003586	
mrc1b	ENSDARG00000038822	ENSCGOG00000003598	mrc1b
tlr9	ENSDARG00000044490	ENSCGOG00000003605	tlr9
cacnb2b	ENSDARG00000055565	ENSCGOG00000003609	cacnb2b
zbtb16a	ENSDARG00000007184	ENSCGOG00000003651	zbtb16
adgrl4	ENSDARG00000013653	ENSCGOG00000003657	adgrl4
txndc12	ENSDARG00000038980	ENSCGOG00000003740	txndc12
hif1aa	ENSDARG00000006181	ENSCGOG00000003830	
slc15a2	ENSDARG00000032010	ENSCGOG00000003840	slc15a2
mcoln1b	ENSDARG00000058848	ENSCGOG00000003887	mcoln1b
ccl25b	ENSDARG00000070873	ENSCGOG00000003899	ccl25b
npr1a	ENSDARG00000031751	ENSCGOG00000004003	
actb1	ENSDARG00000037746	ENSCGOG00000004016	actb
actb2	ENSDARG00000037870	ENSCGOG00000004016	actb
glula	ENSDARG00000099776	ENSCGOG00000004051	glula
fabp10b	ENSDARG00000091101	ENSCGOG00000004081	fabp10b
dbh	ENSDARG00000069446	ENSCGOG00000004086	dbh
ptger2b	ENSDARG00000037033	ENSCGOG00000004108	ptger2b
dcc	ENSDARG00000104282	ENSCGOG00000004151	dcc
tnfb	ENSDARG00000013598	ENSCGOG00000004212	tnfb
ptger1b	ENSDARG00000104847	ENSCGOG00000004215	ptger1b
st6gal2b	ENSDARG00000088515	ENSCGOG00000004306	ST6GAL2
oxtrb	ENSDARG00000044175	ENSCGOG00000004308	oxtrb
pcsk1	ENSDARG00000002600	ENSCGOG00000004314	pcsk1
mhc1zba	ENSDARG00000036588	ENSCGOG00000004350	mhc1zka
mhc1zea	ENSDARG00000001470	ENSCGOG00000004350	mhc1zka
mhc1zfa	ENSDARG00000088022	ENSCGOG00000004350	mhc1zka
mhc1zja	ENSDARG00000074765	ENSCGOG00000004350	mhc1zka
mhc1zka	ENSDARG00000104293	ENSCGOG00000004350	mhc1zka
bnc1	ENSDARG00000100757	ENSCGOG00000004360	bnc1
ncor1	ENSDARG00000035285	ENSCGOG00000004366	ncor1
adamts2a	ENSDARG00000075930	ENSCGOG00000004385	adamts2a
lhx1a	ENSDARG00000014018	ENSCGOG00000004396	lhx1
dnmt3ba	ENSDARG00000052402	ENSCGOG00000004440	dnmt3ba
lmna	ENSDARG00000013415	ENSCGOG00000004574	lmna
slbp	ENSDARG00000100558	ENSCGOG00000004588	slbp
kcnh6a	ENSDARG00000001803	ENSCGOG00000004617	kcnh6a
npr1a	ENSDARG00000031751	ENSCGOG00000004677	npr1a
tnksb	ENSDARG00000062897	ENSCGOG00000004678	tnksb
gja1b	ENSDARG00000041799	ENSCGOG00000004743	gja1b
ada	ENSDARG00000003113	ENSCGOG00000004781	ada
pcmtl	ENSDARG00000042848	ENSCGOG00000004910	pcmtl
id1	ENSDARG00000040764	ENSCGOG00000004959	id1
clcn2a	ENSDARG00000062427	ENSCGOG00000004961	clcn2a
cyp2p6	ENSDARG00000042978	ENSCGOG00000005038	
sod2	ENSDARG00000042644	ENSCGOG00000005042	sod2
epoa	ENSDARG00000055163	ENSCGOG00000005053	epo
cyp2ad2	ENSDARG00000021172	ENSCGOG00000005139	cyp2ad2
sptan1	ENSDARG00000019231	ENSCGOG00000005144	sptan1
npy	ENSDARG00000036222	ENSCGOG00000005190	npy
fabp4a	ENSDARG00000017299	ENSCGOG00000005210	fabp4a
tm9sf1	ENSDARG00000022970	ENSCGOG00000005211	tm9sf1
ITLN1	ENSDARG00000095082	ENSCGOG00000005276	si:ch211-194p6.12
neo1a	ENSDARG00000102855	ENSCGOG00000005336	neo1a
tert	ENSDARG00000042637	ENSCGOG00000005368	tert
fgf11a	ENSDARG00000069662	ENSCGOG00000005372	fgf11
prf1.1	ENSDARG00000030394	ENSCGOG00000005374	prf1.1
prf1.9	ENSDARG00000060662	ENSCGOG00000005374	prf1.1
aqp7	ENSDARG00000026787	ENSCGOG00000005416	aqp7
rrm2b	ENSDARG00000033367	ENSCGOG00000005418	rrm2b
tmem47	ENSDARG00000057322	ENSCGOG00000005448	tmem47
hsd17b12a	ENSDARG00000015709	ENSCGOG00000005474	hsd17b12a
hif1ab	ENSDARG00000034293	ENSCGOG00000005476	hif1a
arl3b	ENSDARG00000071409	ENSCGOG00000005482	ARL3
ntrk1	ENSDARG00000004586	ENSCGOG00000005507	ntrk1
cacnb2a	ENSDARG00000099045	ENSCGOG00000005583	cacnb2a
pdia3	ENSDARG00000102640	ENSCGOG00000005622	pdia3
ago4	ENSDARG00000100854	ENSCGOG00000005647	ago4
cldn7a	ENSDARG00000036376	ENSCGOG00000005671	cldn7a
slc8a4a	ENSDARG00000055154	ENSCGOG00000005681	slc8a4a
ugt5g1	ENSDARG00000032862	ENSCGOG00000005686	ugt5g2
adra2b	ENSDARG00000102096	ENSCGOG00000005707	adra2b
crabp2a	ENSDARG00000073978	ENSCGOG00000005736	crabp2a
cyp2p6	ENSDARG00000042978	ENSCGOG00000005746	
nitr8	ENSDARG00000036748	ENSCGOG00000005748	
slc47a2.1	ENSDARG00000060051	ENSCGOG00000005781	
prf1.2	ENSDARG00000021444	ENSCGOG00000005808	prf1.7
pcna	ENSDARG00000054155	ENSCGOG00000005811	pcna
fgf20b	ENSDARG00000086070	ENSCGOG00000005830	fgf20b
dnmt3aa	ENSDARG00000005394	ENSCGOG00000005841	dnmt3aa
kcnh1b	ENSDARG00000023236	ENSCGOG00000005848	kcnh1b
cyp21a2	ENSDARG00000037550	ENSCGOG00000005874	cyp21a2
ago2	ENSDARG00000061268	ENSCGOG00000005879	ago2
cxcr4b	ENSDARG00000041959	ENSCGOG00000005904	cxcr4
s100b	ENSDARG00000057598	ENSCGOG00000005909	s100b
ahr2	ENSDARG00000021833	ENSCGOG00000005921	ahr2
kcnh1b	ENSDARG00000023236	ENSCGOG00000005968	kcnh1b
foxo3b	ENSDARG00000042904	ENSCGOG00000006004	foxo3
kcnk5b	ENSDARG00000012390	ENSCGOG00000006072	kcnk5b
slc20a1a	ENSDARG00000020114	ENSCGOG00000006090	slc20a1a
mpx	ENSDARG00000019521	ENSCGOG00000006125	mpx
mpx	ENSDARG00000019521	ENSCGOG00000006138	mpx
ghrb	ENSDARG00000007671	ENSCGOG00000006141	ghrb
mpx	ENSDARG00000019521	ENSCGOG00000006154	mpx
il2rga	ENSDARG00000068858	ENSCGOG00000006172	
zfpl1	ENSDARG00000103453	ENSCGOG00000006176	zfpl1
epor	ENSDARG00000090834	ENSCGOG00000006177	epor
zgc:55558	ENSDARG00000013161	ENSCGOG00000006221	zgc:55558
dhrs12la	ENSDARG00000010764	ENSCGOG00000006280	dhrs12la
cry5	ENSDARG00000019498	ENSCGOG00000006336	cry5
prkg2	ENSDARG00000054741	ENSCGOG00000006343	prkg2
acsl3a	ENSDARG00000032079	ENSCGOG00000006366	acsl3a
s1pr4	ENSDARG00000074851	ENSCGOG00000006459	s1pr4
gstr	ENSDARG00000042620	ENSCGOG00000006483	gstr
gstr	ENSDARG00000042620	ENSCGOG00000006493	gstr
gstr	ENSDARG00000042620	ENSCGOG00000006519	gstr
gstr	ENSDARG00000042620	ENSCGOG00000006522	gstr
aqp8a.1	ENSDARG00000045141	ENSCGOG00000006605	aqp8a.1
s1pr2	ENSDARG00000036548	ENSCGOG00000006643	s1pr2
fgf5	ENSDARG00000035377	ENSCGOG00000006755	fgf5
prnprs3	ENSDARG00000003705	ENSCGOG00000006791	prnprs3
prnprs3	ENSDARG00000003705	ENSCGOG00000006793	prnprs3
cyp1b1	ENSDARG00000068934	ENSCGOG00000006795	cyp1b1
prnprs3	ENSDARG00000003705	ENSCGOG00000006799	prnprs3
narfl	ENSDARG00000062216	ENSCGOG00000006865	ciao3
cldni	ENSDARG00000054616	ENSCGOG00000006906	cldni
si:ch211-51c14.1	ENSDARG00000054645	ENSCGOG00000006958	si:ch211-51c14.1
adamts10	ENSDARG00000075188	ENSCGOG00000006985	adamts10
cebp1	ENSDARG00000101096	ENSCGOG00000007013	
clcnk	ENSDARG00000022560	ENSCGOG00000007051	clcnk
slc41a1	ENSDARG00000070214	ENSCGOG00000007117	slc41a1
pcmt	ENSDARG00000015201	ENSCGOG00000007149	pcmt
il10ra	ENSDARG00000100383	ENSCGOG00000007278	il10ra
lpar1	ENSDARG00000099840	ENSCGOG00000007326	lpar1
pglyrp2	ENSDARG00000062998	ENSCGOG00000007393	pglyrp2
mcoln1a	ENSDARG00000002285	ENSCGOG00000007404	mcoln1a
ren	ENSDARG00000041858	ENSCGOG00000007421	ren
sigirr	ENSDARG00000062204	ENSCGOG00000007487	sigirr
atf5b	ENSDARG00000077785	ENSCGOG00000007508	atf5b
gig2p	ENSDARG00000088260	ENSCGOG00000007512	gig2p
slc15a1b	ENSDARG00000044528	ENSCGOG00000007513	slc15a1b
hist2h2l	ENSDARG00000068996	ENSCGOG00000007639	
cyp11a1.1	ENSDARG00000002347	ENSCGOG00000007641	CYP11A1
mep1a.2	ENSDARG00000008029	ENSCGOG00000007649	mep1a.2
hist2h2l	ENSDARG00000068996	ENSCGOG00000007651	
ikzf4	ENSDARG00000037068	ENSCGOG00000007693	ikzf4
aqp3a	ENSDARG00000003808	ENSCGOG00000007701	aqp3a
hist2h2l	ENSDARG00000068996	ENSCGOG00000007705	
hist2h2l	ENSDARG00000068996	ENSCGOG00000007715	
hist2h2l	ENSDARG00000068996	ENSCGOG00000007778	
hist2h2l	ENSDARG00000068996	ENSCGOG00000007806	
insrb	ENSDARG00000071524	ENSCGOG00000007810	insrb
tm9sf2	ENSDARG00000003866	ENSCGOG00000007812	tm9sf2
cyp11a1.1	ENSDARG00000002347	ENSCGOG00000007842	CYP11A1
smyd5	ENSDARG00000071669	ENSCGOG00000007846	smyd5
sgpl1	ENSDARG00000061375	ENSCGOG00000007856	sgpl1
slc7a6os	ENSDARG00000010596	ENSCGOG00000007887	slc7a6os
slc2a15b	ENSDARG00000053269	ENSCGOG00000007928	slc2a15b
cyp11a1.1	ENSDARG00000002347	ENSCGOG00000007940	CYP11A1
mt2	ENSDARG00000041623	ENSCGOG00000007972	mt2
mt2	ENSDARG00000041623	ENSCGOG00000007977	mt2
mef2cb	ENSDARG00000009418	ENSCGOG00000008034	mef2c
mif	ENSDARG00000071336	ENSCGOG00000008053	mif
cyp11a1.1	ENSDARG00000002347	ENSCGOG00000008055	
gpr161b	ENSDARG00000055659	ENSCGOG00000008056	gpr161
cldn5a	ENSDARG00000043716	ENSCGOG00000008066	cldn5
dntt	ENSDARG00000104792	ENSCGOG00000008120	dntt
s100a10b	ENSDARG00000025254	ENSCGOG00000008160	s100a10b
cnnm2b	ENSDARG00000078733	ENSCGOG00000008265	cnnm2b
pias4a	ENSDARG00000007081	ENSCGOG00000008268	pias4
gstt1a	ENSDARG00000042428	ENSCGOG00000008299	gstt1a
slc22a6l	ENSDARG00000055523	ENSCGOG00000008361	slc22a6l
stat1a	ENSDARG00000006266	ENSCGOG00000008365	stat1a
phf6	ENSDARG00000004046	ENSCGOG00000008450	phf6
egf	ENSDARG00000052739	ENSCGOG00000008453	egf
hist2h2l	ENSDARG00000068996	ENSCGOG00000008484	
panx1a	ENSDARG00000025285	ENSCGOG00000008497	panx1a
cbfb	ENSDARG00000040917	ENSCGOG00000008536	cbfb
sting1	ENSDARG00000091058	ENSCGOG00000008589	sting1
s100a11	ENSDARG00000093628	ENSCGOG00000008603	s100a11
s100t	ENSDARG00000055589	ENSCGOG00000008612	s100t
aqp10a	ENSDARG00000007086	ENSCGOG00000008642	aqp10a
six6a	ENSDARG00000025187	ENSCGOG00000008664	six6
npr3	ENSDARG00000035253	ENSCGOG00000008686	npr3
hvcn1	ENSDARG00000040338	ENSCGOG00000008757	hvcn1
slc8a1b	ENSDARG00000043406	ENSCGOG00000008760	slc8a1b
ptgir	ENSDARG00000038278	ENSCGOG00000008783	ptgir
etv7	ENSDARG00000089434	ENSCGOG00000008850	
gja10a	ENSDARG00000057792	ENSCGOG00000008929	gja10a
gtpbp3	ENSDARG00000018650	ENSCGOG00000008950	gtpbp3
pcsk2	ENSDARG00000019451	ENSCGOG00000009016	pcsk2
tac3a	ENSDARG00000093089	ENSCGOG00000009035	tac3
dicer1	ENSDARG00000001129	ENSCGOG00000009036	dicer1
sox9b	ENSDARG00000043923	ENSCGOG00000009045	sox9b
sat1a.1	ENSDARG00000035652	ENSCGOG00000009063	SAT1
kitlgb	ENSDARG00000058042	ENSCGOG00000009086	
il6r	ENSDARG00000104474	ENSCGOG00000009118	il6r
znf687a	ENSDARG00000102774	ENSCGOG00000009133	znf687a
hist2h2l	ENSDARG00000068996	ENSCGOG00000009165	
cldn30	ENSDARG00000069505	ENSCGOG00000009168	cldn30
nphs1	ENSDARG00000060758	ENSCGOG00000009181	nphs1
cldnd	ENSDARG00000006580	ENSCGOG00000009190	cldnd
cldnd	ENSDARG00000006580	ENSCGOG00000009191	cldnd
fshr	ENSDARG00000071494	ENSCGOG00000009213	fshr
cldnd	ENSDARG00000006580	ENSCGOG00000009218	cldnd
oclnb	ENSDARG00000003091	ENSCGOG00000009240	oclnb
cldnb	ENSDARG00000009544	ENSCGOG00000009260	cldnb
cldn3d	ENSDARG00000015955	ENSCGOG00000009261	cldn3d
cldn3c	ENSDARG00000069503	ENSCGOG00000009278	cldn3c
ptger4b	ENSDARG00000035415	ENSCGOG00000009318	ptger4b
tjp3	ENSDARG00000002909	ENSCGOG00000009463	tjp3
tjp3	ENSDARG00000002909	ENSCGOG00000009472	tjp3
bcas2	ENSDARG00000043631	ENSCGOG00000009515	bcas2
cdk7	ENSDARG00000051916	ENSCGOG00000009523	cdk7
slc2a3a	ENSDARG00000013295	ENSCGOG00000009540	slc2a3a
fgf1a	ENSDARG00000017542	ENSCGOG00000009551	fgf1a
nr3c1	ENSDARG00000025032	ENSCGOG00000009555	nr3c1
cavin4b	ENSDARG00000056743	ENSCGOG00000009558	cavin4b
nr3c2	ENSDARG00000102082	ENSCGOG00000009569	nr3c2
chd2	ENSDARG00000060687	ENSCGOG00000009639	chd2
aplp2	ENSDARG00000054864	ENSCGOG00000009680	aplp2
tlr21	ENSDARG00000058045	ENSCGOG00000009705	tlr21
kif3a	ENSDARG00000087538	ENSCGOG00000009757	kif3a
hist2h2l	ENSDARG00000068996	ENSCGOG00000009761	
hist2h2l	ENSDARG00000068996	ENSCGOG00000009806	
mov10b.1	ENSDARG00000061177	ENSCGOG00000009843	mov10b.1
mov10b.2	ENSDARG00000056065	ENSCGOG00000009843	mov10b.1
cd79a	ENSDARG00000037473	ENSCGOG00000009882	cd79a
trpm7	ENSDARG00000036232	ENSCGOG00000009914	trpm7
prox1a	ENSDARG00000055158	ENSCGOG00000009922	prox1
slc2a13b	ENSDARG00000076899	ENSCGOG00000009924	slc2a13b
pcsk7	ENSDARG00000069968	ENSCGOG00000009933	pcsk7
tpte	ENSDARG00000056985	ENSCGOG00000010009	tpte
tet2	ENSDARG00000076928	ENSCGOG00000010016	tet2
st3gal2	ENSDARG00000112898	ENSCGOG00000010077	st3gal2
tm9sf3	ENSDARG00000028748	ENSCGOG00000010151	tm9sf3
dnmt3bb.3	ENSDARG00000057863	ENSCGOG00000010159	dnmt3bb.3
NOD1	ENSDARG00000036308	ENSCGOG00000010163	nod1
gss	ENSDARG00000037706	ENSCGOG00000010196	gss
ntrk2b	ENSDARG00000098511	ENSCGOG00000010275	ntrk2b
star	ENSDARG00000006137	ENSCGOG00000010302	star
eomesa	ENSDARG00000006640	ENSCGOG00000010309	eomesa
fgfrl1a	ENSDARG00000032617	ENSCGOG00000010315	fgfrl1a
slc2a8	ENSDARG00000104278	ENSCGOG00000010362	slc2a8
nitr13	ENSDARG00000036125	ENSCGOG00000010364	
ticam1	ENSDARG00000102493	ENSCGOG00000010368	
nitr13	ENSDARG00000036125	ENSCGOG00000010370	
nitr13	ENSDARG00000036125	ENSCGOG00000010373	
ctsl.1	ENSDARG00000003902	ENSCGOG00000010374	ctsl.1
nitr13	ENSDARG00000036125	ENSCGOG00000010379	
nitr13	ENSDARG00000036125	ENSCGOG00000010382	
nitr13	ENSDARG00000036125	ENSCGOG00000010387	
nitr13	ENSDARG00000036125	ENSCGOG00000010388	
nitr13	ENSDARG00000036125	ENSCGOG00000010389	
nitr13	ENSDARG00000036125	ENSCGOG00000010390	
nitr13	ENSDARG00000036125	ENSCGOG00000010393	
nitr13	ENSDARG00000036125	ENSCGOG00000010394	
nitr13	ENSDARG00000036125	ENSCGOG00000010395	
ikzf1	ENSDARG00000013539	ENSCGOG00000010414	ikzf1
nitr13	ENSDARG00000036125	ENSCGOG00000010418	
nitr13	ENSDARG00000036125	ENSCGOG00000010459	
nr5a1a	ENSDARG00000103176	ENSCGOG00000010466	nr5a1b
nitr13	ENSDARG00000036125	ENSCGOG00000010468	
enpp2	ENSDARG00000011257	ENSCGOG00000010472	enpp2
slc25a14	ENSDARG00000026680	ENSCGOG00000010555	slc25a14
tac1	ENSDARG00000014490	ENSCGOG00000010617	tac1
prkdc	ENSDARG00000075083	ENSCGOG00000010673	prkdc
gstm.1	ENSDARG00000042533	ENSCGOG00000010706	gstm.1
gstm.2	ENSDARG00000029473	ENSCGOG00000010706	gstm.1
gstm.3	ENSDARG00000088116	ENSCGOG00000010706	gstm.1
arl13b	ENSDARG00000012763	ENSCGOG00000010733	arl13b
mtch2	ENSDARG00000019732	ENSCGOG00000010807	mtch2
cldn12	ENSDARG00000003927	ENSCGOG00000010835	cldn12
cd209	ENSDARG00000029461	ENSCGOG00000010854	
cd209	ENSDARG00000029461	ENSCGOG00000010857	
ctsd	ENSDARG00000057698	ENSCGOG00000010893	ctsd
csf3b	ENSDARG00000098752	ENSCGOG00000010918	
slc2a5	ENSDARG00000077875	ENSCGOG00000011021	slc2a5
dnmt3bb.1	ENSDARG00000036791	ENSCGOG00000011027	dnmt3bb.1
lifrb	ENSDARG00000039863	ENSCGOG00000011042	
abcb4	ENSDARG00000010936	ENSCGOG00000011082	abcb1
ins	ENSDARG00000035350	ENSCGOG00000011118	ins
tnfsf12	ENSDARG00000069376	ENSCGOG00000011139	tnfsf12
hist2h2l	ENSDARG00000068996	ENSCGOG00000011171	
th	ENSDARG00000030621	ENSCGOG00000011200	th
fgf2	ENSDARG00000104348	ENSCGOG00000011213	fgf2
ccnh	ENSDARG00000007657	ENSCGOG00000011232	ccnh
fgf24	ENSDARG00000037677	ENSCGOG00000011246	fgf24
ca6	ENSDARG00000056499	ENSCGOG00000011257	ca6
glis2a	ENSDARG00000078388	ENSCGOG00000011263	glis2a
igf2b	ENSDARG00000033307	ENSCGOG00000011317	igf2
cdh17	ENSDARG00000005112	ENSCGOG00000011334	
st8sia2	ENSDARG00000018788	ENSCGOG00000011367	st8sia2
slco3a1a	ENSDARG00000018726	ENSCGOG00000011372	slco3a1a
cldn15a	ENSDARG00000112049	ENSCGOG00000011375	cldn15
hist2h2l	ENSDARG00000068996	ENSCGOG00000011379	
mettl3	ENSDARG00000012827	ENSCGOG00000011414	mettl3
hist2h2l	ENSDARG00000068996	ENSCGOG00000011415	
slc39a1	ENSDARG00000058257	ENSCGOG00000011417	slc39a1
kitlga	ENSDARG00000070917	ENSCGOG00000011439	kitlga
pde1a	ENSDARG00000060875	ENSCGOG00000011443	pde1a
dusp6	ENSDARG00000070914	ENSCGOG00000011447	dusp6
cfl1	ENSDARG00000021124	ENSCGOG00000011474	cfl1
idh2	ENSDARG00000003795	ENSCGOG00000011490	idh2
acsl1a	ENSDARG00000030514	ENSCGOG00000011540	acsl1
ada2a	ENSDARG00000051746	ENSCGOG00000011571	ada2a
caspa	ENSDARG00000008165	ENSCGOG00000011627	caspa
caspb	ENSDARG00000052039	ENSCGOG00000011627	caspa
nphs2	ENSDARG00000042850	ENSCGOG00000011639	
irf5	ENSDARG00000045681	ENSCGOG00000011650	irf5
adgrg1	ENSDARG00000027222	ENSCGOG00000011678	adgrg1
prom1a	ENSDARG00000039966	ENSCGOG00000011701	prom1a
s1pr5a	ENSDARG00000040526	ENSCGOG00000011705	s1pr5a
pyyb	ENSDARG00000035832	ENSCGOG00000011792	pyyb
boka	ENSDARG00000052129	ENSCGOG00000011821	boka
ldb1a	ENSDARG00000010137	ENSCGOG00000011868	ldb1a
cav1	ENSDARG00000103747	ENSCGOG00000011870	cav1
ace	ENSDARG00000079166	ENSCGOG00000011880	ace
clu	ENSDARG00000010434	ENSCGOG00000011917	clu
jak3	ENSDARG00000010252	ENSCGOG00000011918	jak3
shox	ENSDARG00000025891	ENSCGOG00000011990	shox
tulp3	ENSDARG00000063672	ENSCGOG00000012093	tulp3
chrm2a	ENSDARG00000098612	ENSCGOG00000012120	chrm2a
cxcr4a	ENSDARG00000057633	ENSCGOG00000012138	cxcr4a
mrc1b	ENSDARG00000038822	ENSCGOG00000012157	
adra2db	ENSDARG00000054667	ENSCGOG00000012159	
fcer1g	ENSDARG00000103276	ENSCGOG00000012164	fcer1g
PPARGC1A	ENSDARG00000067829	ENSCGOG00000012175	ppargc1a
cldn18	ENSDARG00000103087	ENSCGOG00000012196	cldn18
fgf16	ENSDARG00000042233	ENSCGOG00000012224	fgf16
cby1	ENSDARG00000077409	ENSCGOG00000012251	cby1
gjb10	ENSDARG00000075854	ENSCGOG00000012291	gjb10
slc12a3	ENSDARG00000013855	ENSCGOG00000012366	slc12a3
panx1b	ENSDARG00000014910	ENSCGOG00000012382	panx1
prkg1b	ENSDARG00000031702	ENSCGOG00000012428	
atp5fa1	ENSDARG00000010149	ENSCGOG00000012479	atp5fa1
ccr7	ENSDARG00000044561	ENSCGOG00000012485	ccr7
nfe2l2a	ENSDARG00000042824	ENSCGOG00000012505	nfe2l2
rela	ENSDARG00000098696	ENSCGOG00000012555	rela
hsd3b1	ENSDARG00000069926	ENSCGOG00000012586	hsd3b1
hsd3b2	ENSDARG00000019747	ENSCGOG00000012586	hsd3b1
lats2	ENSDARG00000078864	ENSCGOG00000012607	lats2
c3a.1	ENSDARG00000012694	ENSCGOG00000012632	c3a.2
c3a.2	ENSDARG00000087359	ENSCGOG00000012632	c3a.2
c3a.3	ENSDARG00000052207	ENSCGOG00000012632	c3a.2
c3a.6	ENSDARG00000043719	ENSCGOG00000012632	c3a.2
cftr	ENSDARG00000041107	ENSCGOG00000012633	cftr
igfbp6b	ENSDARG00000090833	ENSCGOG00000012674	igfbp6b
fgf8a	ENSDARG00000003399	ENSCGOG00000012691	fgf8a
pde9aa	ENSDARG00000060280	ENSCGOG00000012727	pde9aa
abcg2a	ENSDARG00000100075	ENSCGOG00000012752	abcg2a
ptgs1	ENSDARG00000052148	ENSCGOG00000012766	PTGS1
prkg1a	ENSDARG00000020656	ENSCGOG00000012903	prkg1a
cd36	ENSDARG00000032639	ENSCGOG00000012920	cd36
akr1a1a	ENSDARG00000035257	ENSCGOG00000012924	akr1a1a
smad4a	ENSDARG00000075226	ENSCGOG00000012994	smad4a
cyp17a1	ENSDARG00000033566	ENSCGOG00000013001	cyp17a1
slc48a1a	ENSDARG00000026907	ENSCGOG00000013006	slc48a1a
daxx	ENSDARG00000000729	ENSCGOG00000013025	daxx
fgfr2	ENSDARG00000058115	ENSCGOG00000013030	fgfr2
slco2b1	ENSDARG00000054609	ENSCGOG00000013057	slco2b1
hsd11b2	ENSDARG00000001975	ENSCGOG00000013064	hsd11b2
mapk3	ENSDARG00000070573	ENSCGOG00000013077	mapk3
slc47a2.1	ENSDARG00000060051	ENSCGOG00000013128	
adgre10	ENSDARG00000075855	ENSCGOG00000013132	
adgre10	ENSDARG00000075855	ENSCGOG00000013142	
slc47a1	ENSDARG00000046012	ENSCGOG00000013154	slc47a1
flt3	ENSDARG00000058503	ENSCGOG00000013183	flt3
slc39a10	ENSDARG00000005823	ENSCGOG00000013207	slc39a10
spx	ENSDARG00000056859	ENSCGOG00000013225	spx
gla	ENSDARG00000036155	ENSCGOG00000013285	gla
sncb	ENSDARG00000104945	ENSCGOG00000013298	sncb
cxcr2	ENSDARG00000054975	ENSCGOG00000013347	cxcr2
adrb1	ENSDARG00000007490	ENSCGOG00000013375	adrb1
adamts18	ENSDARG00000001999	ENSCGOG00000013470	adamts18
pax5	ENSDARG00000037383	ENSCGOG00000013490	pax5
bbs1	ENSDARG00000075169	ENSCGOG00000013492	bbs1
melk	ENSDARG00000030759	ENSCGOG00000013501	melk
gjb8	ENSDARG00000042707	ENSCGOG00000013514	gjb8
gja3	ENSDARG00000021889	ENSCGOG00000013516	gja3
ugt2b1	ENSDARG00000093043	ENSCGOG00000013551	
ugt2b5	ENSDARG00000116986	ENSCGOG00000013551	
ugt2b1	ENSDARG00000093043	ENSCGOG00000013562	
ugt2b5	ENSDARG00000116986	ENSCGOG00000013562	
ugt2b1	ENSDARG00000093043	ENSCGOG00000013566	
ugt2b5	ENSDARG00000116986	ENSCGOG00000013566	
ugt2b1	ENSDARG00000093043	ENSCGOG00000013581	
ugt2b5	ENSDARG00000116986	ENSCGOG00000013581	
cldn11a	ENSDARG00000020031	ENSCGOG00000013616	cldn11a
irf1b	ENSDARG00000043249	ENSCGOG00000013625	IRF1
slc2a2	ENSDARG00000056196	ENSCGOG00000013641	slc2a2
gal	ENSDARG00000091377	ENSCGOG00000013660	gal
slc22a5	ENSDARG00000101021	ENSCGOG00000013684	slc22a5
ptgs1	ENSDARG00000052148	ENSCGOG00000013756	ptgs1
nup133	ENSDARG00000010078	ENSCGOG00000013794	nup133
oxr1b	ENSDARG00000063310	ENSCGOG00000013838	oxr1
pth2ra	ENSDARG00000006678	ENSCGOG00000013842	pth2r
slc2a11a	ENSDARG00000053961	ENSCGOG00000013857	slc2a11a
slc22a21	ENSDARG00000094112	ENSCGOG00000013950	slc22a21
trpv6	ENSDARG00000014496	ENSCGOG00000013965	trpv6
adcyap1r1a	ENSDARG00000105201	ENSCGOG00000014002	adcyap1r1a
cep55l	ENSDARG00000102349	ENSCGOG00000014036	cep55l
clcn3	ENSDARG00000003269	ENSCGOG00000014097	clcn3
SLC12A1	ENSDARG00000098096	ENSCGOG00000014132	slc12a1
bnc2	ENSDARG00000069989	ENSCGOG00000014160	bnc2
glis3	ENSDARG00000069726	ENSCGOG00000014201	glis3
ca2	ENSDARG00000014488	ENSCGOG00000014240	ca2
s100a10a	ENSDARG00000037425	ENSCGOG00000014244	
prf1.5	ENSDARG00000037598	ENSCGOG00000014245	prf1.6
prf1.6	ENSDARG00000024522	ENSCGOG00000014245	prf1.6
mpeg1.1	ENSDARG00000055290	ENSCGOG00000014256	mpeg1
cldn23.2	ENSDARG00000103703	ENSCGOG00000014323	cldn23.2
csf3r	ENSDARG00000045959	ENSCGOG00000014334	csf3r
slc47a1	ENSDARG00000046012	ENSCGOG00000014338	slc47a1
ptgfr	ENSDARG00000074016	ENSCGOG00000014552	ptgfr
elovl4b	ENSDARG00000027495	ENSCGOG00000014647	elovl4b
cgasa	ENSDARG00000021572	ENSCGOG00000014721	cgasa
npy8br	ENSDARG00000005780	ENSCGOG00000014739	npy8br
st3gal7	ENSDARG00000039064	ENSCGOG00000014779	st3gal7
iqcg	ENSDARG00000068678	ENSCGOG00000014881	iqcg
adra2b	ENSDARG00000102096	ENSCGOG00000014900	adra2b
st8sia1	ENSDARG00000098221	ENSCGOG00000014918	st8sia1
ugt5c2	ENSDARG00000006372	ENSCGOG00000014993	
ugt5c3	ENSDARG00000061439	ENSCGOG00000014993	
dnase2b	ENSDARG00000077918	ENSCGOG00000015002	dnase2b
ugt5f1	ENSDARG00000054835	ENSCGOG00000015005	ugt5f1
ugt5c2	ENSDARG00000006372	ENSCGOG00000015013	
ugt5c3	ENSDARG00000061439	ENSCGOG00000015013	
kcna1a	ENSDARG00000062942	ENSCGOG00000015018	kcna1a
ugt5b1	ENSDARG00000104995	ENSCGOG00000015024	
ugt5b2	ENSDARG00000101495	ENSCGOG00000015024	
ugt5b4	ENSDARG00000091916	ENSCGOG00000015024	
ugt5b1	ENSDARG00000104995	ENSCGOG00000015036	
ugt5b2	ENSDARG00000101495	ENSCGOG00000015036	
ugt5b4	ENSDARG00000091916	ENSCGOG00000015036	
mecp2	ENSDARG00000014218	ENSCGOG00000015152	mecp2
lsm14b	ENSDARG00000025386	ENSCGOG00000015175	lsm14b
mafb	ENSDARG00000076520	ENSCGOG00000015218	MAF
itgb1b	ENSDARG00000104484	ENSCGOG00000015317	itgb1b.1
itgb1b.1	ENSDARG00000053232	ENSCGOG00000015317	itgb1b.1
itgb1b.2	ENSDARG00000022689	ENSCGOG00000015317	itgb1b.1
calcr	ENSDARG00000028845	ENSCGOG00000015345	calcr
mgst3a	ENSDARG00000102744	ENSCGOG00000015386	mgst3
tapt1b	ENSDARG00000061143	ENSCGOG00000015406	tapt1b
cebpa	ENSDARG00000036074	ENSCGOG00000015436	cebpa
slc13a3	ENSDARG00000069478	ENSCGOG00000015465	slc13a3
slc22a16	ENSDARG00000015869	ENSCGOG00000015466	slc22a16
glis2b	ENSDARG00000100232	ENSCGOG00000015480	glis2
npy8ar	ENSDARG00000017234	ENSCGOG00000015484	npy8ar
bcl2l1	ENSDARG00000008434	ENSCGOG00000015487	bcl2l1
cdk6	ENSDARG00000070228	ENSCGOG00000015501	cdk6
numbl	ENSDARG00000101949	ENSCGOG00000015510	numbl
adrb2a	ENSDARG00000088124	ENSCGOG00000015521	adrb2a
gsto1	ENSDARG00000022183	ENSCGOG00000015531	gsto1
gsto2	ENSDARG00000033285	ENSCGOG00000015531	gsto1
adamts6	ENSDARG00000041982	ENSCGOG00000015595	adamts6
ch25hl1.1	ENSDARG00000039381	ENSCGOG00000015619	ch25hl1.1
ch25hl1.2	ENSDARG00000068138	ENSCGOG00000015631	ch25hl1.2
grna.1	ENSDARG00000089362	ENSCGOG00000015639	
grna.2	ENSDARG00000088641	ENSCGOG00000015639	
gata3	ENSDARG00000016526	ENSCGOG00000015657	gata3
cyp1d1	ENSDARG00000035569	ENSCGOG00000015688	cyp1d1
rspo1	ENSDARG00000104340	ENSCGOG00000015715	rspo1
oxtra	ENSDARG00000033956	ENSCGOG00000015718	oxtra
pglyrp5	ENSDARG00000068382	ENSCGOG00000015771	pglyrp5
cd40	ENSDARG00000054968	ENSCGOG00000015813	cd40
tbxa2r	ENSDARG00000104717	ENSCGOG00000015832	tbxa2r
kmt2a	ENSDARG00000004537	ENSCGOG00000015872	
fabp10a	ENSDARG00000038439	ENSCGOG00000015896	fabp10a
atp2b1b	ENSDARG00000007788	ENSCGOG00000015957	atp2b1b
tet1	ENSDARG00000075230	ENSCGOG00000015976	tet1
ghrhra	ENSDARG00000104961	ENSCGOG00000016014	ghrhra
arl3b	ENSDARG00000071409	ENSCGOG00000016027	arl3
ftr67	ENSDARG00000098820	ENSCGOG00000016051	ftr67
ehd1a	ENSDARG00000098853	ENSCGOG00000016079	ehd1a
gjb9a	ENSDARG00000003925	ENSCGOG00000016152	gjb9a
ago3a	ENSDARG00000059888	ENSCGOG00000016219	
etfa	ENSDARG00000101631	ENSCGOG00000016223	etfa
ADAMTS17	ENSDARG00000075555	ENSCGOG00000016227	ADAMTS17
igfbp7	ENSDARG00000104138	ENSCGOG00000016262	igfbp7
slc2a1a	ENSDARG00000001437	ENSCGOG00000016301	slc2a1a
msmo1	ENSDARG00000055876	ENSCGOG00000016313	msmo1
gstz1	ENSDARG00000027984	ENSCGOG00000016319	gstz1
clcn4	ENSDARG00000035808	ENSCGOG00000016367	clcn4
ehd3	ENSDARG00000007869	ENSCGOG00000016392	ehd3
tp53bp2a	ENSDARG00000009136	ENSCGOG00000016405	tp53bp2
bmpr1bb	ENSDARG00000102742	ENSCGOG00000016442	bmpr1bb
tnfa	ENSDARG00000009511	ENSCGOG00000016449	tnfa
syce2	ENSDARG00000103187	ENSCGOG00000016492	syce2
stat6	ENSDARG00000015902	ENSCGOG00000016536	stat6
st3gal4	ENSDARG00000041006	ENSCGOG00000016547	st3gal4
ptger1a	ENSDARG00000078605	ENSCGOG00000016549	ptger1a
fgf23	ENSDARG00000045854	ENSCGOG00000016589	fgf23
grnb	ENSDARG00000025081	ENSCGOG00000016598	grnb
vipr1b	ENSDARG00000059058	ENSCGOG00000016685	vipr1
hist2h2l	ENSDARG00000068996	ENSCGOG00000016733	
hist2h2l	ENSDARG00000068996	ENSCGOG00000016746	
grk4	ENSDARG00000070448	ENSCGOG00000016753	grk4
lck	ENSDARG00000102525	ENSCGOG00000016815	lck
il10	ENSDARG00000078147	ENSCGOG00000016824	il10
rgn	ENSDARG00000098645	ENSCGOG00000016850	rgn
cldne	ENSDARG00000043128	ENSCGOG00000016861	CLDN3
slc26a6l1	ENSDARG00000054127	ENSCGOG00000016877	slc26a6l1
p4htmb	ENSDARG00000075209	ENSCGOG00000016890	p4htmb
gig2d	ENSDARG00000098772	ENSCGOG00000016899	gig2e
gig2e	ENSDARG00000075757	ENSCGOG00000016899	gig2e
gig2h	ENSDARG00000103444	ENSCGOG00000016899	gig2e
gig2i	ENSDARG00000099325	ENSCGOG00000016899	gig2e
gig2j	ENSDARG00000069769	ENSCGOG00000016899	gig2e
gig2k	ENSDARG00000103447	ENSCGOG00000016899	gig2e
gig2l	ENSDARG00000091730	ENSCGOG00000016899	gig2e
ca10a	ENSDARG00000052644	ENSCGOG00000016903	ca10
asah1b	ENSDARG00000034817	ENSCGOG00000016936	asah1b
ago1	ENSDARG00000092644	ENSCGOG00000016961	ago1
il6st	ENSDARG00000104693	ENSCGOG00000017031	il6st
cygb1	ENSDARG00000099371	ENSCGOG00000017043	CYGB
bmp8a	ENSDARG00000035677	ENSCGOG00000017154	bmp8a
siae	ENSDARG00000040527	ENSCGOG00000017211	siae
cyp19a1a	ENSDARG00000041348	ENSCGOG00000017219	cyp19a1a
slc2a11b	ENSDARG00000063288	ENSCGOG00000017289	slc2a11b
egfra	ENSDARG00000013847	ENSCGOG00000017349	egfra
cldn26	ENSDARG00000076137	ENSCGOG00000017407	cldn26
nup133	ENSDARG00000010078	ENSCGOG00000017427	nup133
fat1a	ENSDARG00000017591	ENSCGOG00000017507	fat1a
hepacama	ENSDARG00000056934	ENSCGOG00000017570	hepacama
ftr82	ENSDARG00000055647	ENSCGOG00000017669	ftr82
ftr83	ENSDARG00000025403	ENSCGOG00000017672	ftr83
st6gal1	ENSDARG00000044514	ENSCGOG00000017685	st6gal1
ifi30a	ENSDARG00000056378	ENSCGOG00000017696	ifi30a
cyp1a	ENSDARG00000098315	ENSCGOG00000017710	cyp1a
socs1a	ENSDARG00000038095	ENSCGOG00000017716	socs1
fgfr4	ENSDARG00000069105	ENSCGOG00000017726	fgfr4
clcn5b	ENSDARG00000022466	ENSCGOG00000017868	clcn5
s100z	ENSDARG00000038729	ENSCGOG00000017887	s100z
slco1d1	ENSDARG00000104108	ENSCGOG00000017919	slco1d1
cyp26a1	ENSDARG00000033999	ENSCGOG00000017922	cyp26a1
mgst3b	ENSDARG00000033364	ENSCGOG00000017937	mgst3b
kitb	ENSDARG00000056133	ENSCGOG00000017978	kitb
slc2a10	ENSDARG00000090820	ENSCGOG00000018000	slc2a10
ago3a	ENSDARG00000059888	ENSCGOG00000018081	ago3a
SLCO2A1	ENSDARG00000061896	ENSCGOG00000018132	slco2a1
ifit14	ENSDARG00000071012	ENSCGOG00000018138	
ifit16	ENSDARG00000056976	ENSCGOG00000018138	
ifit14	ENSDARG00000071012	ENSCGOG00000018143	
ifit16	ENSDARG00000056976	ENSCGOG00000018143	
ifit14	ENSDARG00000071012	ENSCGOG00000018151	
ifit16	ENSDARG00000056976	ENSCGOG00000018151	
ifit14	ENSDARG00000071012	ENSCGOG00000018154	
ifit16	ENSDARG00000056976	ENSCGOG00000018154	
ifit14	ENSDARG00000071012	ENSCGOG00000018156	
ifit16	ENSDARG00000056976	ENSCGOG00000018156	
ifit14	ENSDARG00000071012	ENSCGOG00000018158	
ifit16	ENSDARG00000056976	ENSCGOG00000018158	
ifit14	ENSDARG00000071012	ENSCGOG00000018160	
ifit16	ENSDARG00000056976	ENSCGOG00000018160	
ifit14	ENSDARG00000071012	ENSCGOG00000018163	
ifit16	ENSDARG00000056976	ENSCGOG00000018163	
ifit14	ENSDARG00000071012	ENSCGOG00000018165	
ifit16	ENSDARG00000056976	ENSCGOG00000018165	
ifit14	ENSDARG00000071012	ENSCGOG00000018166	
ifit16	ENSDARG00000056976	ENSCGOG00000018166	
ifit14	ENSDARG00000071012	ENSCGOG00000018168	
ifit16	ENSDARG00000056976	ENSCGOG00000018168	
gja9b	ENSDARG00000086453	ENSCGOG00000018200	gja9b
ocrl	ENSDARG00000078106	ENSCGOG00000018221	ocrl
badb	ENSDARG00000054937	ENSCGOG00000018248	bad
chmp7	ENSDARG00000041362	ENSCGOG00000018302	chmp7
ncor2	ENSDARG00000000966	ENSCGOG00000018359	ncor2
asgr1a	ENSDARG00000095963	ENSCGOG00000018365	
asgr1a	ENSDARG00000095963	ENSCGOG00000018369	
asgr1a	ENSDARG00000095963	ENSCGOG00000018376	
asgr1a	ENSDARG00000095963	ENSCGOG00000018378	
ca8	ENSDARG00000039098	ENSCGOG00000018396	ca8
fabp2	ENSDARG00000006427	ENSCGOG00000018413	fabp2
slc22a7b.1	ENSDARG00000056643	ENSCGOG00000018445	slc22a7b.1
slc22a7b.1	ENSDARG00000056643	ENSCGOG00000018447	
slc22a7b.3	ENSDARG00000062182	ENSCGOG00000018450	slc22a7b.3
irx1a	ENSDARG00000101831	ENSCGOG00000018630	irx1a
adamts16	ENSDARG00000074646	ENSCGOG00000018633	adamts16
mc2r	ENSDARG00000054949	ENSCGOG00000018634	mc2r
vkorc1	ENSDARG00000086183	ENSCGOG00000018642	vkorc1
ADGRD1	ENSDARG00000053344	ENSCGOG00000018697	adgrd1
irf3	ENSDARG00000076251	ENSCGOG00000018714	irf3
furina	ENSDARG00000062909	ENSCGOG00000018765	furina
fads2	ENSDARG00000019532	ENSCGOG00000018769	fads2
ism1	ENSDARG00000020541	ENSCGOG00000018837	ism1
atf5a	ENSDARG00000068096	ENSCGOG00000018920	atf5a
adamts15a	ENSDARG00000029124	ENSCGOG00000018924	adamts15a
NPY2R	ENSDARG00000094763	ENSCGOG00000018926	NPY2R
sel1l	ENSDARG00000004581	ENSCGOG00000018933	sel1l
irf7	ENSDARG00000045661	ENSCGOG00000018982	irf7
tm9sf4	ENSDARG00000002536	ENSCGOG00000019036	tm9sf4
ntf3	ENSDARG00000059043	ENSCGOG00000019082	ntf3
rbp7a	ENSDARG00000091906	ENSCGOG00000019092	rbp7a
vegfaa	ENSDARG00000103542	ENSCGOG00000019110	vegfaa
tal1	ENSDARG00000019930	ENSCGOG00000019144	tal1
rag2	ENSDARG00000052121	ENSCGOG00000019159	rag2
rag1	ENSDARG00000052122	ENSCGOG00000019160	rag1
pax2a	ENSDARG00000028148	ENSCGOG00000019188	pax2a
atp2b2	ENSDARG00000063433	ENSCGOG00000019211	atp2b2
slc34a2a	ENSDARG00000012903	ENSCGOG00000019249	slc34a2a
myd88	ENSDARG00000010169	ENSCGOG00000019275	myd88
furinb	ENSDARG00000070971	ENSCGOG00000019360	furinb
pacsin2	ENSDARG00000078014	ENSCGOG00000019377	pacsin2
sphk2	ENSDARG00000069893	ENSCGOG00000019457	sphk2
adamts12	ENSDARG00000067549	ENSCGOG00000019500	adamts12
lats1	ENSDARG00000003751	ENSCGOG00000019506	lats1
pcsk5b	ENSDARG00000060518	ENSCGOG00000019509	pcsk5
pcmt	ENSDARG00000015201	ENSCGOG00000019520	pcmt
slc9a3.1	ENSDARG00000058498	ENSCGOG00000019701	slc9a3.1
slc9a3.2	ENSDARG00000036722	ENSCGOG00000019701	slc9a3.1
gja2	ENSDARG00000004082	ENSCGOG00000019749	gja2
grik2	ENSDARG00000113771	ENSCGOG00000019789	grik2
trim3a	ENSDARG00000063711	ENSCGOG00000019811	trim3a
cd209	ENSDARG00000029461	ENSCGOG00000019851	
kif11	ENSDARG00000010948	ENSCGOG00000019868	kif11
hsd20b2	ENSDARG00000031336	ENSCGOG00000019899	hsd20b2
tbx21	ENSDARG00000004473	ENSCGOG00000019907	tbx21
sik1	ENSDARG00000058606	ENSCGOG00000019947	sik1
npy7r	ENSDARG00000103623	ENSCGOG00000019965	npy7r
ch25hl3	ENSDARG00000093818	ENSCGOG00000019985	ch25hl3
irak4	ENSDARG00000100534	ENSCGOG00000020003	irak4
rhcgb	ENSDARG00000100265	ENSCGOG00000020005	rhcg
slc22a13b	ENSDARG00000059166	ENSCGOG00000020082	slc22a13b
slc22a13b	ENSDARG00000059166	ENSCGOG00000020087	slc22a13b
acsl3b	ENSDARG00000014674	ENSCGOG00000020089	acsl3b
ahi1	ENSDARG00000044056	ENSCGOG00000020145	ahi1
mep1ba	ENSDARG00000037533	ENSCGOG00000020154	mep1ba
cd40lg	ENSDARG00000079333	ENSCGOG00000020162	cd40lg
akr1a1b	ENSDARG00000052030	ENSCGOG00000020183	akr1a1b
celsr1a	ENSDARG00000069185	ENSCGOG00000020265	celsr1a
mc1r	ENSDARG00000020237	ENSCGOG00000020267	mc1r
cyp26c1	ENSDARG00000056029	ENSCGOG00000020271	cyp26c1
slc12a10.1	ENSDARG00000055313	ENSCGOG00000020281	slc12a10.1
hsd17b3	ENSDARG00000023287	ENSCGOG00000020355	hsd17b3
ptger1c	ENSDARG00000078602	ENSCGOG00000020368	ptger1c
cahz	ENSDARG00000011166	ENSCGOG00000020433	cahz
nr1i2	ENSDARG00000029766	ENSCGOG00000020567	nr1i2
slc9a8	ENSDARG00000020699	ENSCGOG00000020589	slc9a8
m17	ENSDARG00000035435	ENSCGOG00000020590	m17
agtr1b	ENSDARG00000045443	ENSCGOG00000020598	agtr1
st3gal3b	ENSDARG00000015252	ENSCGOG00000020613	st3gal3b
smyd3	ENSDARG00000058050	ENSCGOG00000020695	
slc4a4a	ENSDARG00000013730	ENSCGOG00000020741	slc4a4
mafb	ENSDARG00000076520	ENSCGOG00000020750	MAF
blvrb	ENSDARG00000096829	ENSCGOG00000020754	blvrb
kras	ENSDARG00000010844	ENSCGOG00000020759	kras
fabp7b	ENSDARG00000034650	ENSCGOG00000020814	fabp7
mef2ca	ENSDARG00000029764	ENSCGOG00000020838	mef2ca
cldn15la	ENSDARG00000016081	ENSCGOG00000020875	cldn15la
cavin4a	ENSDARG00000038658	ENSCGOG00000020888	cavin4a
itgb1a	ENSDARG00000071863	ENSCGOG00000020904	itgb1
npc1	ENSDARG00000017180	ENSCGOG00000020921	npc1
mafba	ENSDARG00000017121	ENSCGOG00000020927	mafb
cyp26b1	ENSDARG00000077121	ENSCGOG00000020928	cyp26b1
atp2b3a	ENSDARG00000043474	ENSCGOG00000020968	atp2b3a
znf365	ENSDARG00000087985	ENSCGOG00000021070	znf365
pth1b	ENSDARG00000091961	ENSCGOG00000021133	pth1b
kcnk5a	ENSDARG00000023587	ENSCGOG00000021156	kcnk5
rpl13a	ENSDARG00000044093	ENSCGOG00000021189	rpl13a
dnmt3ab	ENSDARG00000015566	ENSCGOG00000021228	dnmt3ab
tm9sf5	ENSDARG00000034943	ENSCGOG00000021252	tm9sf5
ddit4	ENSDARG00000037618	ENSCGOG00000021271	ddit4
nkl.1	ENSDARG00000058673	ENSCGOG00000021287	nkl.4
nkl.3	ENSDARG00000089202	ENSCGOG00000021287	nkl.4
nkl.4	ENSDARG00000044023	ENSCGOG00000021287	nkl.4
zbtb16b	ENSDARG00000074526	ENSCGOG00000021305	zbtb16b
pyya	ENSDARG00000053449	ENSCGOG00000021309	pyya
th2	ENSDARG00000038384	ENSCGOG00000021420	th2
c3b.1	ENSDARG00000093068	ENSCGOG00000021446	
c3b.2	ENSDARG00000001818	ENSCGOG00000021446	
ADAMTS14	ENSDARG00000078494	ENSCGOG00000021503	adamts14
ca10b	ENSDARG00000009568	ENSCGOG00000021567	ca10b
ap1m2	ENSDARG00000096454	ENSCGOG00000021610	ap1m2
cyp1c1	ENSDARG00000101195	ENSCGOG00000021612	cyp1c1
cyp1c2	ENSDARG00000101789	ENSCGOG00000021615	cyp1c2
insb	ENSDARG00000034610	ENSCGOG00000021619	insb
keap1b	ENSDARG00000074634	ENSCGOG00000021671	keap1
ghra	ENSDARG00000054771	ENSCGOG00000021694	ghra
cga	ENSDARG00000040479	ENSCGOG00000021768	cga
CGA	ENSDARG00000103345	ENSCGOG00000021768	cga
gjb1a	ENSDARG00000035553	ENSCGOG00000021824	gjb1a
asip1	ENSDARG00000077858	ENSCGOG00000021829	
thraa	ENSDARG00000000151	ENSCGOG00000021848	thrab
oxt	ENSDARG00000042845	ENSCGOG00000021849	oxt
xgb	ENSDARG00000032896	ENSCGOG00000021875	xgb
fabp1b.2	ENSDARG00000103398	ENSCGOG00000021911	fabp1b.2
ghsra	ENSDARG00000056230	ENSCGOG00000021947	ghsrb
ghsrb	ENSDARG00000057117	ENSCGOG00000021947	ghsrb
atp5fa1	ENSDARG00000010149	ENSCGOG00000021955	atp5fa1
nsd2	ENSDARG00000026225	ENSCGOG00000021958	nsd2
irf9	ENSDARG00000016457	ENSCGOG00000021985	irf9
irf1a	ENSDARG00000043492	ENSCGOG00000021986	
lss	ENSDARG00000061274	ENSCGOG00000021990	lss
elovl5	ENSDARG00000004979	ENSCGOG00000021993	elovl5
slc4a2b	ENSDARG00000052330	ENSCGOG00000022017	slc4a2
aldh7a1	ENSDARG00000018426	ENSCGOG00000022072	aldh7a1
slc2a12	ENSDARG00000036865	ENSCGOG00000022108	slc2a12
npy4r	ENSDARG00000043341	ENSCGOG00000022196	npy4r
st8sia6	ENSDARG00000021195	ENSCGOG00000022236	st8sia6
slc22a2	ENSDARG00000030530	ENSCGOG00000022243	slc22a2
slc4a11	ENSDARG00000075532	ENSCGOG00000022246	slc4a11
atad5b	ENSDARG00000101126	ENSCGOG00000022262	
c3b.1	ENSDARG00000093068	ENSCGOG00000022283	
c3b.2	ENSDARG00000001818	ENSCGOG00000022283	
rrm2	ENSDARG00000020711	ENSCGOG00000022312	rrm2
rrm2	ENSDARG00000078069	ENSCGOG00000022312	rrm2
gjb1a	ENSDARG00000035553	ENSCGOG00000022317	gjb1a
slc22a2	ENSDARG00000030530	ENSCGOG00000022326	slc22a2
ripk2	ENSDARG00000104290	ENSCGOG00000022333	ripk2
fgf21	ENSDARG00000100846	ENSCGOG00000022407	fgf21
glulc	ENSDARG00000013227	ENSCGOG00000022461	glulc
etv4	ENSDARG00000018303	ENSCGOG00000022471	etv4
epas1b	ENSDARG00000057671	ENSCGOG00000022481	epas1b
irf4a	ENSDARG00000006560	ENSCGOG00000022552	irf4a
ripk1l	ENSDARG00000006677	ENSCGOG00000022577	ripk1l
tnfsf14	ENSDARG00000111357	ENSCGOG00000022601	tnfsf14
cldn11b	ENSDARG00000030723	ENSCGOG00000022602	cldn11b
abcc4	ENSDARG00000058953	ENSCGOG00000022636	abcc4
slc4a4b	ENSDARG00000044808	ENSCGOG00000022658	slc4a4b
ppp2r3a	ENSDARG00000077722	ENSCGOG00000022685	ppp2r3a
pygl	ENSDARG00000002197	ENSCGOG00000022761	pygl
MLNR	ENSDARG00000091207	ENSCGOG00000022776	MLNR
adal	ENSDARG00000012986	ENSCGOG00000022783	adal
panx3	ENSDARG00000004627	ENSCGOG00000022820	panx3
tmem218	ENSDARG00000027129	ENSCGOG00000022838	tmem218
tmem47	ENSDARG00000057322	ENSCGOG00000022852	tmem47
myb	ENSDARG00000053666	ENSCGOG00000022951	myb
adamts3	ENSDARG00000060127	ENSCGOG00000022962	adamts3
tet3	ENSDARG00000062646	ENSCGOG00000022963	tet3
acsl5	ENSDARG00000075931	ENSCGOG00000022999	acsl5
pappa2	ENSDARG00000076020	ENSCGOG00000023001	pappa2
zranb2	ENSDARG00000044332	ENSCGOG00000023023	zranb2
kl	ENSDARG00000079862	ENSCGOG00000023035	
ace2	ENSDARG00000016918	ENSCGOG00000023052	ace2
acsl4a	ENSDARG00000004078	ENSCGOG00000023113	acsl4
acox1	ENSDARG00000014727	ENSCGOG00000023144	acox1
adgra2	ENSDARG00000076994	ENSCGOG00000023148	adgra2
agt	ENSDARG00000016412	ENSCGOG00000023185	agt
kita	ENSDARG00000043317	ENSCGOG00000023191	kita
slc4a1a	ENSDARG00000012881	ENSCGOG00000023201	slc4a1a
igfbp2b	ENSDARG00000031422	ENSCGOG00000023204	igfbp2b
amer1	ENSDARG00000079624	ENSCGOG00000023216	amer1
pygmb	ENSDARG00000013317	ENSCGOG00000023277	pygm
calcrla	ENSDARG00000011473	ENSCGOG00000023279	calcrla
lztfl1	ENSDARG00000105010	ENSCGOG00000023282	lztfl1
cel.1	ENSDARG00000017490	ENSCGOG00000023292	CEL
cel.1	ENSDARG00000017490	ENSCGOG00000023308	CEL
lmo2	ENSDARG00000095019	ENSCGOG00000023337	lmo2
polm	ENSDARG00000103470	ENSCGOG00000023361	polm
wdr81	ENSDARG00000079702	ENSCGOG00000023395	wdr81
sox11a	ENSDARG00000077811	ENSCGOG00000023417	sox11
CMPK2	ENSDARG00000031359	ENSCGOG00000023419	cmpk2
slc47a3	ENSDARG00000074561	ENSCGOG00000023434	slc47a3
slc47a4	ENSDARG00000079340	ENSCGOG00000023453	slc47a4
igfbp6a	ENSDARG00000070941	ENSCGOG00000023509	
otud6b	ENSDARG00000102705	ENSCGOG00000023552	otud6b
cyp27b1	ENSDARG00000045015	ENSCGOG00000023555	cyp27b1
rhag	ENSDARG00000019253	ENSCGOG00000023630	rhag
adipor2	ENSDARG00000101849	ENSCGOG00000023637	adipor2
appa	ENSDARG00000104279	ENSCGOG00000023662	APP
CUBN	ENSDARG00000087013	ENSCGOG00000023724	CUBN
slc9a2	ENSDARG00000058780	ENSCGOG00000023728	slc9a2
nccrp1	ENSDARG00000035326	ENSCGOG00000023753	nccrp1
ptpn12	ENSDARG00000102141	ENSCGOG00000023786	ptpn12
cyld	ENSDARG00000060058	ENSCGOG00000023831	cyld
casr	ENSDARG00000013649	ENSCGOG00000023900	casr
mov10a	ENSDARG00000015829	ENSCGOG00000023904	mov10a
nod2	ENSDARG00000010756	ENSCGOG00000023937	nod2
adipor1a	ENSDARG00000002912	ENSCGOG00000023974	adipor1
gsdmeb	ENSDARG00000040485	ENSCGOG00000024066	gsdme
cd209	ENSDARG00000029461	ENSCGOG00000024068	
cd209	ENSDARG00000029461	ENSCGOG00000024069	
cd209	ENSDARG00000029461	ENSCGOG00000024070	
cyp3c1	ENSDARG00000015575	ENSCGOG00000024084	cyp3c4
cyp3c2	ENSDARG00000037874	ENSCGOG00000024084	cyp3c4
cyp3c3	ENSDARG00000037873	ENSCGOG00000024084	cyp3c4
cyp3c4	ENSDARG00000070021	ENSCGOG00000024084	cyp3c4
adamts5	ENSDARG00000100307	ENSCGOG00000024136	adamts5
pum2	ENSDARG00000061040	ENSCGOG00000024225	pum2
agtr2	ENSDARG00000035552	ENSCGOG00000024232	agtr2
ptpn11a	ENSDARG00000020334	ENSCGOG00000024247	ptpn11
ctsla	ENSDARG00000007836	ENSCGOG00000024322	ctsla
fabp6	ENSDARG00000044566	ENSCGOG00000024345	fabp6
klf17	ENSDARG00000038792	ENSCGOG00000024368	klf17
keap1a	ENSDARG00000016132	ENSCGOG00000024445	keap1a
prl2	ENSDARG00000018744	ENSCGOG00000024474	prl2
cldn7b	ENSDARG00000014047	ENSCGOG00000024505	cldn7
insra	ENSDARG00000011948	ENSCGOG00000024530	insra
fundc1	ENSDARG00000040822	ENSCGOG00000024533	fundc1
mgst1.1	ENSDARG00000032618	ENSCGOG00000024537	mgst1
mgst1.2	ENSDARG00000022165	ENSCGOG00000024537	mgst1
aqp12	ENSDARG00000043279	ENSCGOG00000024587	aqp12
apol1	ENSDARG00000007425	ENSCGOG00000024624	apol1
fabp7a	ENSDARG00000007697	ENSCGOG00000024645	fabp7a
fabp7a	ENSDARG00000007697	ENSCGOG00000024645	fabp7a
mrap2b	ENSDARG00000103050	ENSCGOG00000024660	mrap2b
grik2	ENSDARG00000113771	ENSCGOG00000024687	GRIK2
lbh	ENSDARG00000111701	ENSCGOG00000024740	lbh
abcb5	ENSDARG00000021787		
abcc1	ENSDARG00000104719		
abcc4	ENSDARG00000115375		
abcc5	ENSDARG00000061233		
abcd1	ENSDARG00000074876		
abcg2c	ENSDARG00000058574		
acsl1a	ENSDARG00000109220		
actb1	ENSDARG00000113649		
actn4	ENSDARG00000099786		
ada2b	ENSDARG00000015623		
adal	ENSDARG00000111306		
adamts15a	ENSDARG00000111736		
adcyap1r1a	ENSDARG00000113350		
adgrg11	ENSDARG00000041413		
adgrg6	ENSDARG00000054137		
adipoqa	ENSDARG00000062228		
adipor1a	ENSDARG00000113136		
adipor1b	ENSDARG00000042717		
adra2a	ENSDARG00000111717		
adra2a	ENSDARG00000114002		
adra2db	ENSDARG00000116585		
adrb1	ENSDARG00000115574		
adrb2b	ENSDARG00000054510		
adrb2b	ENSDARG00000111730		
aep1	ENSDARG00000039099		
ago3b	ENSDARG00000063079		
agtr1a	ENSDARG00000018616		
ahr1a	ENSDARG00000020046		
akr1a1a	ENSDARG00000109404		
akr1a1b	ENSDARG00000112549		
amer1	ENSDARG00000117033		
angptl6	ENSDARG00000020265		
apol1	ENSDARG00000110882		
aqp10a	ENSDARG00000112181		
aqp8a.1	ENSDARG00000115150		
aqp8a.2	ENSDARG00000071592		
aqp8a.2	ENSDARG00000113224		
arl15b	ENSDARG00000057995		
arl15b	ENSDARG00000109775		
arl3b	ENSDARG00000113228		
arl4aa	ENSDARG00000099918		
asah1b	ENSDARG00000116060		
asgr1a	ENSDARG00000112346		
atad5b	ENSDARG00000111647		
atad5b	ENSDARG00000116936		
atf4b	ENSDARG00000038141		
atf4b	ENSDARG00000114163		
atf4b	ENSDARG00000114542		
atp2b1a	ENSDARG00000012684		
avd	ENSDARG00000087961		
avd	ENSDARG00000115361		
badb	ENSDARG00000114609		
baxb	ENSDARG00000030881		
bbc3	ENSDARG00000069282		
bbs1	ENSDARG00000114301		
bcl2a	ENSDARG00000094704		
bglap	ENSDARG00000058414		
bida	ENSDARG00000069290		
bida	ENSDARG00000112031		
bik	ENSDARG00000045549		
btr20	ENSDARG00000102992		
bzw1b	ENSDARG00000099148		
c1qa	ENSDARG00000109639		
c1qb	ENSDARG00000044612		
c1qc	ENSDARG00000109447		
c1ql4l	ENSDARG00000053802		
c3b.2	ENSDARG00000115568		
ca6	ENSDARG00000110050		
calcrlb	ENSDARG00000011571		
canx	ENSDARG00000037488		
card9	ENSDARG00000067672		
card9	ENSDARG00000112367		
cby1	ENSDARG00000113018		
ccndbp1	ENSDARG00000039328		
ccr6a	ENSDARG00000087474		
cd180	ENSDARG00000093750		
cd247l	ENSDARG00000077240		
cd37	ENSDARG00000075515		
cd37	ENSDARG00000111538		
cd4-1	ENSDARG00000115309		
cd79b	ENSDARG00000104691		
cd83	ENSDARG00000112724		
cd8a	ENSDARG00000044797		
ceacam1	ENSDARG00000041119		
ceacam1	ENSDARG00000111374		
cebp1	ENSDARG00000111016		
celsr1b	ENSDARG00000058259		
cenpw	ENSDARG00000092136		
cftr	ENSDARG00000110312		
ch25h	ENSDARG00000045190		
ch25hl1.1	ENSDARG00000109469		
ch25hl1.1	ENSDARG00000113169		
ch25hl2	ENSDARG00000038728		
cirbpb	ENSDARG00000013351		
clcn2b	ENSDARG00000104550		
clcn2c	ENSDARG00000060439		
clcn5a	ENSDARG00000019693		
clcn6	ENSDARG00000032577		
clcn7	ENSDARG00000019556		
cldn2	ENSDARG00000044387		
cldn5b	ENSDARG00000014059		
cldn7a	ENSDARG00000111721		
cldn7a	ENSDARG00000115826		
cldn7b	ENSDARG00000114912		
cldng	ENSDARG00000003701		
cldni	ENSDARG00000111133		
cndp1	ENSDARG00000069583		
cnnm2a	ENSDARG00000061195		
comta	ENSDARG00000015337		
comtb	ENSDARG00000111678		
crabp1a	ENSDARG00000045926		
crp1	ENSDARG00000071454		
cry1a	ENSDARG00000045768		
cry3a	ENSDARG00000069074		
cry3a	ENSDARG00000112926		
cry4	ENSDARG00000011890		
ctsd	ENSDARG00000110172		
ctsd	ENSDARG00000113876		
cxcl8a	ENSDARG00000104795		
cyp11a1.1	ENSDARG00000111941		
cyp17a2	ENSDARG00000053966		
cyp19a1a	ENSDARG00000112299		
cyp1b1	ENSDARG00000113835		
dbh	ENSDARG00000114942		
defbl1	ENSDARG00000075161		
defbl3	ENSDARG00000097181		
dicer1	ENSDARG00000109655		
dnmt3bb.1	ENSDARG00000116614		
dnmt3bb.3	ENSDARG00000110971		
dusp6	ENSDARG00000116888		
eef1a1l1	ENSDARG00000020850		
egf	ENSDARG00000114581		
ehd1b	ENSDARG00000014793		
ehd1b	ENSDARG00000110243		
ehd1b	ENSDARG00000110919		
elovl2	ENSDARG00000045414		
epas1a	ENSDARG00000008697		
epas1b	ENSDARG00000113561		
epas1b	ENSDARG00000115742		
etv4	ENSDARG00000115855		
fabp2	ENSDARG00000110230		
fat1a	ENSDARG00000112098		
fcer1gl	ENSDARG00000104077		
fdx1	ENSDARG00000056410		
fdx1	ENSDARG00000115831		
fdx1b	ENSDARG00000038956		
fdx1b	ENSDARG00000113144		
fgf11a	ENSDARG00000114321		
fgf11a	ENSDARG00000112344		
fgf16	ENSDARG00000110602		
fgf1a	ENSDARG00000110811		
fgf1a	ENSDARG00000114842		
fgf20a	ENSDARG00000114219		
fgf5	ENSDARG00000113641		
foxj1a	ENSDARG00000101919		
foxp3a	ENSDARG00000055750		
fshb	ENSDARG00000010841		
fshr	ENSDARG00000112820		
ftr01	ENSDARG00000003909		
ftr42	ENSDARG00000114992		
ftr42	ENSDARG00000115401		
ftr51	ENSDARG00000029105		
ftr58	ENSDARG00000071238		
ftr83	ENSDARG00000110533		
furina	ENSDARG00000117158		
galr1b	ENSDARG00000079165		
galr2a	ENSDARG00000113968		
galr2b	ENSDARG00000105113		
gata1a	ENSDARG00000117116		
gc	ENSDARG00000089310		
GDF7	ENSDARG00000042784		
ghra	ENSDARG00000112689		
ghrl	ENSDARG00000054239		
gig2d	ENSDARG00000113812		
gig2e	ENSDARG00000110217		
gig2h	ENSDARG00000113217		
gig2i	ENSDARG00000115581		
gig2j	ENSDARG00000110674		
gig2k	ENSDARG00000111195		
gig2l	ENSDARG00000116667		
gig2o	ENSDARG00000086903		
gig2q	ENSDARG00000086378		
gja3	ENSDARG00000116798		
gja8b	ENSDARG00000015076		
gjb8	ENSDARG00000116331		
gjd2b	ENSDARG00000070781		
gjd2b	ENSDARG00000116440		
gjd2b	ENSDARG00000111932		
gla	ENSDARG00000110713		
glulb	ENSDARG00000113742		
gnaq	ENSDARG00000011487		
gpia	ENSDARG00000012987		
gpr132b	ENSDARG00000103540		
gpr161a	ENSDARG00000058903		
grna	ENSDARG00000004954		
gss	ENSDARG00000109538		
gsta.1	ENSDARG00000090228		
gsta.1	ENSDARG00000110669		
gsta.2	ENSDARG00000039832		
gstp1.1	ENSDARG00000103019		
gstp1.2	ENSDARG00000104068		
gstt1a	ENSDARG00000110738		
gstt1b	ENSDARG00000112401		
gstt2	ENSDARG00000095464		
gstt2	ENSDARG00000110618		
gtpbp3	ENSDARG00000111427		
hamp	ENSDARG00000102175		
hbba1	ENSDARG00000089087		
hcst	ENSDARG00000092074		
hemgn	ENSDARG00000096667		
herc56.3	ENSDARG00000074136		
hif1al2	ENSDARG00000044550		
hist2h2l	ENSDARG00000112150		
hsd17b3	ENSDARG00000115935		
hsd17b3	ENSDARG00000116671		
hsd20b2	ENSDARG00000111087		
icn	ENSDARG00000009978		
icn2	ENSDARG00000055514		
ifi30a	ENSDARG00000112359		
ifit10	ENSDARG00000007467		
ifit11	ENSDARG00000090537		
ifit12	ENSDARG00000090977		
ifit8	ENSDARG00000057173		
ifit9	ENSDARG00000008098		
ifitm1	ENSDARG00000093303		
ifng1	ENSDARG00000024211		
ifngr1	ENSDARG00000074771		
ifngr1l	ENSDARG00000074488		
ifnphi1	ENSDARG00000025607		
ifnphi2	ENSDARG00000069012		
ifnphi3	ENSDARG00000070676		
igf2b	ENSDARG00000116125		
igf3	ENSDARG00000058058		
il13	ENSDARG00000077809		
il15l	ENSDARG00000007743		
il15l	ENSDARG00000109605		
il17a/f2	ENSDARG00000043934		
il1b	ENSDARG00000098700		
il21	ENSDARG00000067847		
il22	ENSDARG00000045673		
il2rga	ENSDARG00000110645		
il2rgb	ENSDARG00000053702		
il4r.1	ENSDARG00000102583		
il6	ENSDARG00000102318		
illr1	ENSDARG00000059254		
illr3	ENSDARG00000018327		
illr4	ENSDARG00000008075		
ins	ENSDARG00000116735		
insb	ENSDARG00000112105		
irs1	ENSDARG00000054087		
itln1	ENSDARG00000007534		
kcnj10a	ENSDARG00000090815		
kcnk5a	ENSDARG00000111204		
kif3a	ENSDARG00000109880		
kif3a	ENSDARG00000117005		
kiss1	ENSDARG00000075829		
kiss2	ENSDARG00000077985		
kitb	ENSDARG00000113747		
kitlgb	ENSDARG00000116557		
lats2	ENSDARG00000115103		
lck	ENSDARG00000115304		
lcp1	ENSDARG00000023188		
lta	ENSDARG00000020483		
ly86	ENSDARG00000090649		
lyz	ENSDARG00000057789		
lyz	ENSDARG00000114098		
lyz	ENSDARG00000109290		
manf	ENSDARG00000114083		
mbtps1	ENSDARG00000109507		
mbtps1	ENSDARG00000110774		
mcl1a	ENSDARG00000009779		
mep1ba	ENSDARG00000115538		
mgst1.1	ENSDARG00000113133		
mgst1.2	ENSDARG00000110212		
mgst2	ENSDARG00000071345		
mhc1zda	ENSDARG00000086877		
mir223	ENSDARG00000080589		
mlnl	ENSDARG00000092916		
mov10b.1	ENSDARG00000111814		
mpeg1.1	ENSDARG00000110905		
mrap2a	ENSDARG00000074763		
mrap2a	ENSDARG00000115449		
msmo1	ENSDARG00000110767		
msmo1	ENSDARG00000115922		
mt2	ENSDARG00000113583		
mtbl	ENSDARG00000102051		
mtbl	ENSDARG00000115319		
mxc	ENSDARG00000024789		
myb	ENSDARG00000114024		
nccrp1	ENSDARG00000113175		
ncor1	ENSDARG00000113129		
nfe2l2b	ENSDARG00000089697		
nfr	ENSDARG00000114540		
nitr12	ENSDARG00000098626		
nitr13	ENSDARG00000113982		
nitr4a	ENSDARG00000075288		
nitr5	ENSDARG00000077557		
nitr8	ENSDARG00000116803		
nitr9	ENSDARG00000028333		
nitr9	ENSDARG00000110699		
nkl.1	ENSDARG00000112801		
nkl.2	ENSDARG00000116157		
nkl.3	ENSDARG00000114795		
nkl.4	ENSDARG00000111711		
nos2a	ENSDARG00000026925		
nos2b	ENSDARG00000031976		
npr3	ENSDARG00000110534		
npr3	ENSDARG00000109797		
npy4r	ENSDARG00000113787		
nr3c1	ENSDARG00000116957		
nr3c1	ENSDARG00000112480		
nr3c2	ENSDARG00000115513		
nras	ENSDARG00000038225		
nsd2	ENSDARG00000112882		
nsd2	ENSDARG00000110659		
ntrk3a	ENSDARG00000077228		
numbl	ENSDARG00000112946		
ocrl	ENSDARG00000117019		
ocrl	ENSDARG00000115715		
oip5-as1	ENSDARG00000093456		
oxr1a	ENSDARG00000095865		
panx1b	ENSDARG00000112399		
pappab	ENSDARG00000059858		
pcmtl	ENSDARG00000110149		
pde9ab	ENSDARG00000108939		
pglyrp5	ENSDARG00000112609		
pglyrp6	ENSDARG00000103642		
phf6	ENSDARG00000115639		
pias4b	ENSDARG00000042215		
pkz	ENSDARG00000052396		
pmaip1	ENSDARG00000089307		
prf1.1	ENSDARG00000112981		
prf1.3	ENSDARG00000001572		
prf1.5	ENSDARG00000113302		
prf1.6	ENSDARG00000114201		
prf1.9	ENSDARG00000111534		
prkg2	ENSDARG00000116321		
prmt5	ENSDARG00000116785		
prrx1a	ENSDARG00000033971		
ptger1c	ENSDARG00000110042		
ptger2b	ENSDARG00000116581		
ptger4b	ENSDARG00000109430		
ptgs2a	ENSDARG00000004539		
pth1a	ENSDARG00000093738		
pth1b	ENSDARG00000115353		
pth2ra	ENSDARG00000112414		
pygb	ENSDARG00000002021		
pygb	ENSDARG00000116450		
rbp7b	ENSDARG00000111858		
rca2.1	ENSDARG00000056075		
rgn	ENSDARG00000114128		
rpgrb	ENSDARG00000057074		
rpl13a	ENSDARG00000116541		
rrm2b	ENSDARG00000115899		
rspo1	ENSDARG00000111655		
s100v1	ENSDARG00000070427		
s100v2	ENSDARG00000070702		
s1pr1	ENSDARG00000042690		
s1pr1	ENSDARG00000116038		
s1pr1	ENSDARG00000113842		
sat1b	ENSDARG00000032272		
sat1b	ENSDARG00000112956		
si:ch211-195h23.3	ENSDARG00000068431		
si:ch211-51c14.1	ENSDARG00000110953		
siae	ENSDARG00000111850		
six6b	ENSDARG00000031316		
slc12a10.3	ENSDARG00000055253		
slc13a1	ENSDARG00000045638		
slc13a1	ENSDARG00000114835		
slc13a3	ENSDARG00000115362		
slc20a1a	ENSDARG00000113616		
slc22a7b.1	ENSDARG00000110958		
slc25a14	ENSDARG00000113197		
slc25a27	ENSDARG00000042873		
slc26a3.1	ENSDARG00000007371		
slc26a4	ENSDARG00000069431		
slc2a11b	ENSDARG00000113273		
slc2a11l	ENSDARG00000062873		
slc2a12	ENSDARG00000113590		
slc2a1a	ENSDARG00000116129		
slc2a1b	ENSDARG00000007412		
slc34a2b	ENSDARG00000036864		
slc39a1	ENSDARG00000112079		
slc41a1	ENSDARG00000114707		
slc4a11	ENSDARG00000115789		
slc4a2a	ENSDARG00000028173		
slc8a1b	ENSDARG00000110108		
slco1f1	ENSDARG00000102283		
slco5a1a	ENSDARG00000086104		
sncga	ENSDARG00000034423		
sncga	ENSDARG00000112260		
socs1b	ENSDARG00000113989		
sox11b	ENSDARG00000095743		
sox9a	ENSDARG00000003293		
sp2	ENSDARG00000076763		
sp2	ENSDARG00000113443		
sp2	ENSDARG00000115477		
spi1a	ENSDARG00000067797		
st3gal5	ENSDARG00000109884		
stat1b	ENSDARG00000076182		
stat6	ENSDARG00000115859		
stc1l	ENSDARG00000058476		
stub1	ENSDARG00000045228		
tac3a	ENSDARG00000110723		
tac3b	ENSDARG00000097596		
tac3b	ENSDARG00000111956		
tacr3l	ENSDARG00000003054		
tapt1b	ENSDARG00000109798		
tapt1b	ENSDARG00000112241		
tbx21	ENSDARG00000115643		
tbx2b	ENSDARG00000006120		
tbx2b	ENSDARG00000116135		
th	ENSDARG00000109947		
tlr21	ENSDARG00000114123		
tlr22	ENSDARG00000104045		
tlr3	ENSDARG00000016065		
tlr3	ENSDARG00000117078		
tm9sf2	ENSDARG00000115213		
tm9sf3	ENSDARG00000111288		
tmprss4a	ENSDARG00000103117		
tmprss4b	ENSDARG00000012860		
tmsb	ENSDARG00000054911		
tnfrsf18	ENSDARG00000076800		
tnfsf12	ENSDARG00000109341		
tnfsf18	ENSDARG00000111698		
tnksb	ENSDARG00000111568		
tnksb	ENSDARG00000114794		
tp53bp2a	ENSDARG00000110623		
tp53bp2b	ENSDARG00000114625		
trpm6	ENSDARG00000103454		
trpv6	ENSDARG00000110671		
tyrobp	ENSDARG00000094894		
ugt1b1	ENSDARG00000097491		
ugt1b2	ENSDARG00000097231		
ugt1b3	ENSDARG00000097979		
ugt1b4	ENSDARG00000097024		
ugt1b5	ENSDARG00000089507		
ugt2a1	ENSDARG00000051940		
ugt2a5	ENSDARG00000011537		
ugt2a5	ENSDARG00000116508		
ugt2a6	ENSDARG00000039501		
ugt5a2	ENSDARG00000093640		
ugt5g1	ENSDARG00000111242		
unc119b	ENSDARG00000044362		
vdrb	ENSDARG00000114864		
vhl	ENSDARG00000070617		
vipr2	ENSDARG00000012353		
vipr2	ENSDARG00000115849		
vipr2	ENSDARG00000111580		
zgc:113210	ENSDARG00000002872		
zgc:55558	ENSDARG00000111354		
